{
	"animations": [
		{
			"loop": false,
			"offsets": [
				5,
				6
			],
			"anim": "idle",
			"fps": 24,
			"name": "idle",
			"indices": []
		},
		{
			"loop": false,
			"offsets": [
				141,
				85
			],
			"anim": "singUP",
			"fps": 24,
			"name": "up",
			"indices": []
		},
		{
			"loop": false,
			"offsets": [
				51,
				-99
			],
			"anim": "singDOWN",
			"fps": 24,
			"name": "down",
			"indices": []
		},
		{
			"loop": false,
			"offsets": [
				-75,
				-47
			],
			"anim": "singRIGHT",
			"fps": 24,
			"name": "right",
			"indices": []
		},
		{
			"loop": false,
			"offsets": [
				27,
				-36
			],
			"anim": "singLEFT",
			"fps": 24,
			"name": "left",
			"indices": []
		}
	],
	"no_antialiasing": false,
	"image": "characters/Amity",
	"position": [
		20,
		70
	],
	"healthicon": "amity",
	"flip_x": false,
	"healthbar_colors": [
		155,
		102,
		206
	],
	"camera_position": [
		-30,
		60
	],
	"sing_duration": 6.1,
	"scale": 0.93
}