{
	"animations": [
		{
			"offsets": [
				5,
				6
			],
			"loop": false,
			"fps": 24,
			"anim": "idle",
			"indices": [],
			"name": "idle"
		},
		{
			"offsets": [
				-39,
				88
			],
			"loop": false,
			"fps": 24,
			"anim": "singUP",
			"indices": [],
			"name": "up"
		},
		{
			"offsets": [
				31,
				-99
			],
			"loop": false,
			"fps": 24,
			"anim": "singDOWN",
			"indices": [],
			"name": "down"
		},
		{
			"offsets": [
				-91,
				-32
			],
			"indices": [],
			"fps": 24,
			"anim": "singRIGHT",
			"loop": false,
			"name": "left"
		},
		{
			"offsets": [
				127,
				-44
			],
			"indices": [],
			"fps": 24,
			"anim": "singLEFT",
			"loop": false,
			"name": "right"
		}
	],
	"no_antialiasing": false,
	"image": "characters/Amity",
	"position": [
		20,
		70
	],
	"healthicon": "amity",
	"flip_x": false,
	"healthbar_colors": [
		155,
		102,
		206
	],
	"camera_position": [
		-30,
		60
	],
	"sing_duration": 6.1,
	"scale": 0.93
}