{
	"animations": [
		{
			"offsets": [
				0,
				0
			],
			"indices": [],
			"fps": 24,
			"anim": "idle",
			"loop": true,
			"name": "Idle"
		},
		{
			"offsets": [
				107,
				-14
			],
			"indices": [],
			"fps": 24,
			"anim": "singLEFT",
			"loop": false,
			"name": "Sing Left"
		},
		{
			"offsets": [
				0,
				-233
			],
			"indices": [],
			"fps": 24,
			"anim": "singDOWN",
			"loop": false,
			"name": "Sing Down"
		},
		{
			"offsets": [
				0,
				89
			],
			"indices": [],
			"fps": 24,
			"anim": "singUP",
			"loop": false,
			"name": "Sing Up"
		},
		{
			"offsets": [
				0,
				-91
			],
			"indices": [],
			"fps": 24,
			"anim": "singRIGHT",
			"loop": false,
			"name": "Sing Right"
		}
	],
	"no_antialiasing": false,
	"image": "characters/beta-monster",
	"position": [
		50,
		250
	],
	"healthicon": "beta-monster",
	"flip_x": false,
	"healthbar_colors": [
		142,
		66,
		81
	],
	"camera_position": [
		0,
		0
	],
	"sing_duration": 6.1,
	"scale": 1
}