{
	"animations": [
		{
			"loop": false,
			"offsets": [
				0,
				0
			],
			"anim": "danceLeft",
			"fps": 24,
			"name": "Idle Left",
			"indices": []
		},
		{
			"loop": false,
			"offsets": [
				-29,
				0
			],
			"anim": "danceRight",
			"fps": 24,
			"name": "Idle Right",
			"indices": []
		},
		{
			"loop": false,
			"offsets": [
				0,
				0
			],
			"anim": "singLEFT",
			"fps": 24,
			"name": "Sing Left",
			"indices": []
		},
		{
			"loop": false,
			"offsets": [
				-73,
				3
			],
			"anim": "singDOWN",
			"fps": 24,
			"name": "Sing Down",
			"indices": []
		},
		{
			"loop": false,
			"offsets": [
				-79,
				4
			],
			"anim": "singUP",
			"fps": 24,
			"name": "Sing Up",
			"indices": []
		},
		{
			"loop": false,
			"offsets": [
				-97,
				13
			],
			"anim": "singRIGHT",
			"fps": 24,
			"name": "Sing Right",
			"indices": []
		}
	],
	"no_antialiasing": false,
	"image": "characters/lila",
	"position": [
		-50,
		-40
	],
	"healthicon": "lila",
	"flip_x": false,
	"healthbar_colors": [
		174,
		139,
		198
	],
	"camera_position": [
		0,
		0
	],
	"sing_duration": 6.1,
	"scale": 1
}