{
	"animations": [
		{
			"loop": false,
			"offsets": [
				0,
				0
			],
			"anim": "danceLeft",
			"fps": 24,
			"name": "Idle Left",
			"indices": []
		},
		{
			"loop": false,
			"offsets": [
				0,
				0
			],
			"anim": "danceRight",
			"fps": 24,
			"name": "Idle Right",
			"indices": []
		},
		{
			"loop": false,
			"offsets": [
				-88,
				12
			],
			"anim": "singLEFT",
			"fps": 24,
			"name": "Sing Right",
			"indices": []
		},
		{
			"loop": false,
			"offsets": [
				-179,
				2
			],
			"anim": "singDOWN",
			"fps": 24,
			"name": "Sing Down",
			"indices": []
		},
		{
			"loop": false,
			"offsets": [
				-103,
				3
			],
			"anim": "singUP",
			"fps": 24,
			"name": "Sing Up",
			"indices": []
		},
		{
			"loop": false,
			"offsets": [
				-137,
				13
			],
			"anim": "singRIGHT",
			"fps": 24,
			"name": "Sing Left",
			"indices": []
		}
	],
	"no_antialiasing": false,
	"image": "characters/lila",
	"position": [
		-100,
		-50
	],
	"healthicon": "lila",
	"flip_x": false,
	"healthbar_colors": [
		174,
		139,
		198
	],
	"camera_position": [
		0,
		0
	],
	"sing_duration": 6.1,
	"scale": 1
}