{
	"animations": [
		{
			"offsets": [
				-50,
				1
			],
			"loop": false,
			"fps": 24,
			"anim": "idle",
			"indices": [],
			"name": "idle"
		},
		{
			"offsets": [
				-47,
				-70
			],
			"loop": false,
			"fps": 24,
			"anim": "singDOWN",
			"indices": [],
			"name": "down"
		},
		{
			"offsets": [
				-93,
				33
			],
			"loop": false,
			"fps": 24,
			"anim": "singUP",
			"indices": [],
			"name": "up"
		},
		{
			"offsets": [
				69,
				-32
			],
			"indices": [],
			"fps": 24,
			"anim": "singLEFT",
			"loop": false,
			"name": "right"
		},
		{
			"offsets": [
				-152,
				-5
			],
			"indices": [],
			"fps": 24,
			"anim": "singRIGHT",
			"loop": false,
			"name": "left"
		}
	],
	"no_antialiasing": false,
	"image": "characters/luz",
	"position": [
		-100,
		40
	],
	"healthicon": "luz",
	"flip_x": false,
	"healthbar_colors": [
		80,
		82,
		135
	],
	"camera_position": [
		0,
		90
	],
	"sing_duration": 6.1,
	"scale": 0.9
}