{
	"animations": [
		{
			"loop": false,
			"offsets": [
				-50,
				1
			],
			"anim": "idle",
			"fps": 24,
			"name": "idle",
			"indices": []
		},
		{
			"loop": false,
			"offsets": [
				-57,
				-69
			],
			"anim": "singDOWN",
			"fps": 24,
			"name": "down",
			"indices": []
		},
		{
			"loop": false,
			"offsets": [
				-43,
				30
			],
			"anim": "singUP",
			"fps": 24,
			"name": "up",
			"indices": []
		},
		{
			"loop": false,
			"offsets": [
				69,
				-8
			],
			"anim": "singLEFT",
			"fps": 24,
			"name": "left",
			"indices": []
		},
		{
			"loop": false,
			"offsets": [
				-63,
				-32
			],
			"anim": "singRIGHT",
			"fps": 24,
			"name": "right",
			"indices": []
		}
	],
	"no_antialiasing": false,
	"image": "characters/luz",
	"position": [
		20,
		40
	],
	"healthicon": "luz",
	"flip_x": false,
	"healthbar_colors": [
		80,
		82,
		135
	],
	"camera_position": [
		0,
		90
	],
	"sing_duration": 6.1,
	"scale": 0.9
}