{
	"animations": [
		{
			"loop": false,
			"offsets": [
				0,
				0
			],
			"anim": "idle",
			"fps": 24,
			"name": "mat idle dance",
			"indices": []
		},
		{
			"loop": false,
			"offsets": [
				200,
				-163
			],
			"anim": "singDOWN",
			"fps": 24,
			"name": "mat down note",
			"indices": []
		},
		{
			"loop": false,
			"offsets": [
				20,
				61
			],
			"anim": "singUP",
			"fps": 24,
			"name": "mat up note",
			"indices": []
		},
		{
			"loop": false,
			"offsets": [
				31,
				-9
			],
			"anim": "singRIGHT",
			"fps": 24,
			"name": "mat left note",
			"indices": []
		},
		{
			"loop": false,
			"offsets": [
				53,
				7
			],
			"anim": "singLEFT",
			"fps": 24,
			"name": "mat right note",
			"indices": []
		}
	],
	"no_antialiasing": false,
	"image": "characters/matpat2",
	"position": [
		80,
		30
	],
	"healthicon": "mat2",
	"flip_x": false,
	"healthbar_colors": [
		64,
		231,
		129
	],
	"camera_position": [
		-170,
		40
	],
	"sing_duration": 5.7,
	"scale": 1
}