{
	"animations": [
		{
			"offsets": [
				-56,
				-45
			],
			"loop": false,
			"fps": 24,
			"anim": "idle",
			"indices": [],
			"name": "idle"
		},
		{
			"offsets": [
				77,
				-63
			],
			"loop": false,
			"fps": 24,
			"anim": "singLEFT",
			"indices": [],
			"name": "left"
		},
		{
			"offsets": [
				2,
				-77
			],
			"loop": false,
			"fps": 24,
			"anim": "singRIGHT",
			"indices": [],
			"name": "right"
		},
		{
			"offsets": [
				6,
				1
			],
			"loop": false,
			"fps": 24,
			"anim": "singUP",
			"indices": [],
			"name": "up"
		},
		{
			"offsets": [
				11,
				-148
			],
			"loop": false,
			"fps": 24,
			"anim": "singDOWN",
			"indices": [],
			"name": "down"
		}
	],
	"no_antialiasing": false,
	"image": "characters/maxdicklover",
	"position": [
		0,
		80
	],
	"healthicon": "max",
	"flip_x": false,
	"healthbar_colors": [
		190,
		39,
		39
	],
	"camera_position": [
		-30,
		-90
	],
	"sing_duration": 6.1,
	"scale": 1.2
}