{
	"animations": [
		{
			"offsets": [
				-56,
				-45
			],
			"loop": false,
			"fps": 24,
			"anim": "idle",
			"indices": [],
			"name": "idle"
		},
		{
			"offsets": [
				-24,
				1
			],
			"loop": false,
			"fps": 24,
			"anim": "singUP",
			"indices": [],
			"name": "up"
		},
		{
			"offsets": [
				-58,
				-148
			],
			"loop": false,
			"fps": 24,
			"anim": "singDOWN",
			"indices": [],
			"name": "down"
		},
		{
			"offsets": [
				157,
				-77
			],
			"indices": [],
			"fps": 24,
			"anim": "singLEFT",
			"loop": false,
			"name": "right"
		},
		{
			"offsets": [
				22,
				-67
			],
			"indices": [],
			"fps": 24,
			"anim": "singRIGHT",
			"loop": false,
			"name": "left"
		}
	],
	"no_antialiasing": false,
	"image": "characters/maxdicklover",
	"position": [
		50,
		70
	],
	"healthicon": "max",
	"flip_x": false,
	"healthbar_colors": [
		190,
		39,
		39
	],
	"camera_position": [
		-30,
		-90
	],
	"sing_duration": 6.1,
	"scale": 1.2
}