{
	"animations": [
		{
			"offsets": [
				236,
				196
			],
			"loop": false,
			"fps": 30,
			"anim": "singDOWN",
			"indices": [],
			"name": "down"
		},
		{
			"offsets": [
				229,
				200
			],
			"loop": false,
			"fps": 30,
			"anim": "singUP",
			"indices": [],
			"name": "up"
		},
		{
			"loop": false,
			"offsets": [
				0,
				0
			],
			"anim": "idle",
			"fps": 30,
			"name": "idle",
			"indices": []
		},
		{
			"loop": false,
			"offsets": [
				146,
				205
			],
			"anim": "hey",
			"fps": 30,
			"name": "showoff",
			"indices": []
		},
		{
			"offsets": [
				236,
				196
			],
			"indices": [],
			"fps": 30,
			"anim": "singLEFT",
			"loop": false,
			"name": "right"
		},
		{
			"offsets": [
				224,
				192
			],
			"indices": [],
			"fps": 30,
			"anim": "singRIGHT",
			"loop": false,
			"name": "left"
		}
	],
	"no_antialiasing": true,
	"image": "characters/prange",
	"position": [
		270,
		550
	],
	"healthicon": "prange",
	"flip_x": false,
	"healthbar_colors": [
		144,
		96,
		0
	],
	"camera_position": [
		-160,
		20
	],
	"sing_duration": 6.1,
	"scale": 3
}