{
	"animations": [
		{
			"offsets": [
				313,
				590
			],
			"loop": false,
			"fps": 24,
			"anim": "idle",
			"indices": [],
			"name": "idle"
		},
		{
			"offsets": [
				638,
				495
			],
			"loop": false,
			"fps": 24,
			"anim": "singDOWN",
			"indices": [],
			"name": "down"
		},
		{
			"offsets": [
				375,
				640
			],
			"loop": false,
			"fps": 24,
			"anim": "singUP",
			"indices": [],
			"name": "up"
		},
		{
			"loop": false,
			"offsets": [
				553,
				454
			],
			"anim": "singLEFT",
			"fps": 24,
			"name": "right",
			"indices": []
		},
		{
			"loop": false,
			"offsets": [
				523,
				499
			],
			"anim": "singRIGHT",
			"fps": 24,
			"name": "left",
			"indices": []
		},
		{
			"offsets": [
				390,
				624
			],
			"indices": [],
			"fps": 24,
			"anim": "hey",
			"loop": true,
			"name": "laugh"
		}
	],
	"no_antialiasing": false,
	"image": "characters/Mario_Phase_2",
	"position": [
		210,
		410
	],
	"healthicon": "p3",
	"flip_x": false,
	"healthbar_colors": [
		0,
		101,
		0
	],
	"camera_position": [
		-500,
		-460
	],
	"sing_duration": 6.1,
	"scale": 0.8
}