{
	"animations": [
		{
			"loop": true,
			"offsets": [
				0,
				0
			],
			"anim": "idle",
			"fps": 12,
			"name": "idle",
			"indices": []
		},
		{
			"loop": false,
			"offsets": [
				0,
				-230
			],
			"anim": "singDOWN",
			"fps": 12,
			"name": "down",
			"indices": []
		},
		{
			"loop": false,
			"offsets": [
				-1,
				-170
			],
			"anim": "singUP",
			"fps": 12,
			"name": "up",
			"indices": []
		},
		{
			"offsets": [
				-110,
				-23
			],
			"indices": [],
			"fps": 24,
			"anim": "singRIGHT",
			"loop": false,
			"name": "l"
		},
		{
			"offsets": [
				31,
				-50
			],
			"indices": [],
			"fps": 12,
			"anim": "singLEFT",
			"loop": false,
			"name": "r"
		}
	],
	"no_antialiasing": true,
	"image": "characters/followed",
	"position": [
		0,
		100
	],
	"healthicon": "sinnoh",
	"flip_x": false,
	"healthbar_colors": [
		5,
		0,
		16
	],
	"camera_position": [
		0,
		0
	],
	"sing_duration": 6.1,
	"scale": 3
}