{
	"animations": [
		{
			"offsets": [
				-80,
				-23
			],
			"loop": false,
			"fps": 24,
			"anim": "singRIGHT",
			"indices": [],
			"name": "r"
		},
		{
			"offsets": [
				0,
				0
			],
			"loop": true,
			"fps": 12,
			"anim": "idle",
			"indices": [],
			"name": "idle"
		},
		{
			"offsets": [
				51,
				10
			],
			"loop": false,
			"fps": 12,
			"anim": "singLEFT",
			"indices": [],
			"name": "l"
		},
		{
			"offsets": [
				0,
				-100
			],
			"loop": false,
			"fps": 12,
			"anim": "singDOWN",
			"indices": [],
			"name": "down"
		},
		{
			"offsets": [
				-1,
				-30
			],
			"loop": false,
			"fps": 12,
			"anim": "singUP",
			"indices": [],
			"name": "up"
		}
	],
	"no_antialiasing": true,
	"image": "characters/followed",
	"position": [
		-150,
		100
	],
	"healthicon": "sinnoh",
	"flip_x": false,
	"healthbar_colors": [
		5,
		0,
		16
	],
	"camera_position": [
		0,
		0
	],
	"sing_duration": 6.1,
	"scale": 3
}