﻿<?xml version="1.0" encoding="utf-8"?>
<TextureAtlas imagePath="ami.png">
	<!-- Created with Adobe Animate version 22.0.5.191 -->
	<!-- http://www.adobe.com/products/animate.html -->
	<SubTexture name="down0000" x="1441" y="809" width="553" height="594" frameX="0" frameY="-14" frameWidth="553" frameHeight="608"/>
	<SubTexture name="down0001" x="1441" y="809" width="553" height="594" frameX="0" frameY="-14" frameWidth="553" frameHeight="608"/>
	<SubTexture name="down0002" x="2" y="1612" width="544" height="595" frameX="-4" frameY="-13" frameWidth="553" frameHeight="608"/>
	<SubTexture name="down0003" x="2" y="1612" width="544" height="595" frameX="-4" frameY="-13" frameWidth="553" frameHeight="608"/>
	<SubTexture name="down0004" x="1441" y="1405" width="542" height="598" frameX="-3" frameY="-10" frameWidth="553" frameHeight="608"/>
	<SubTexture name="down0005" x="1441" y="1405" width="542" height="598" frameX="-3" frameY="-10" frameWidth="553" frameHeight="608"/>
	<SubTexture name="down0006" x="1988" y="2" width="539" height="604" frameX="-5" frameY="-4" frameWidth="553" frameHeight="608"/>
	<SubTexture name="down0007" x="1988" y="2" width="539" height="604" frameX="-5" frameY="-4" frameWidth="553" frameHeight="608"/>
	<SubTexture name="down0008" x="1447" y="2" width="539" height="608" frameX="-5" frameY="0" frameWidth="553" frameHeight="608"/>
	<SubTexture name="down0009" x="1447" y="2" width="539" height="608" frameX="-5" frameY="0" frameWidth="553" frameHeight="608"/>
	<SubTexture name="down0010" x="1447" y="2" width="539" height="608" frameX="-5" frameY="0" frameWidth="553" frameHeight="608"/>
	<SubTexture name="down0011" x="1447" y="2" width="539" height="608" frameX="-5" frameY="0" frameWidth="553" frameHeight="608"/>
	<SubTexture name="down0012" x="1447" y="2" width="539" height="608" frameX="-5" frameY="0" frameWidth="553" frameHeight="608"/>
	<SubTexture name="down0013" x="1447" y="2" width="539" height="608" frameX="-5" frameY="0" frameWidth="553" frameHeight="608"/>
	<SubTexture name="idle0000" x="2" y="2209" width="395" height="718" frameX="0" frameY="-6" frameWidth="396" frameHeight="724"/>
	<SubTexture name="idle0001" x="2" y="2941" width="390" height="716" frameX="-3" frameY="-8" frameWidth="396" frameHeight="724"/>
	<SubTexture name="idle0002" x="1996" y="608" width="382" height="713" frameX="-5" frameY="-10" frameWidth="396" frameHeight="724"/>
	<SubTexture name="idle0003" x="1996" y="608" width="382" height="713" frameX="-5" frameY="-10" frameWidth="396" frameHeight="724"/>
	<SubTexture name="idle0004" x="1805" y="2131" width="377" height="714" frameX="-10" frameY="-9" frameWidth="396" frameHeight="724"/>
	<SubTexture name="idle0005" x="1805" y="2131" width="377" height="714" frameX="-10" frameY="-9" frameWidth="396" frameHeight="724"/>
	<SubTexture name="idle0006" x="394" y="2941" width="385" height="720" frameX="-8" frameY="-4" frameWidth="396" frameHeight="724"/>
	<SubTexture name="idle0007" x="394" y="2941" width="385" height="720" frameX="-8" frameY="-4" frameWidth="396" frameHeight="724"/>
	<SubTexture name="idle0008" x="1414" y="2005" width="389" height="723" frameX="-6" frameY="-1" frameWidth="396" frameHeight="724"/>
	<SubTexture name="idle0009" x="1414" y="2005" width="389" height="723" frameX="-6" frameY="-1" frameWidth="396" frameHeight="724"/>
	<SubTexture name="idle0010" x="1985" y="1405" width="391" height="724" frameX="-5" frameY="0" frameWidth="396" frameHeight="724"/>
	<SubTexture name="idle0011" x="1985" y="1405" width="391" height="724" frameX="-5" frameY="0" frameWidth="396" frameHeight="724"/>
	<SubTexture name="idle0012" x="1985" y="1405" width="391" height="724" frameX="-5" frameY="0" frameWidth="396" frameHeight="724"/>
	<SubTexture name="idle0013" x="1985" y="1405" width="391" height="724" frameX="-5" frameY="0" frameWidth="396" frameHeight="724"/>
	<SubTexture name="left0000" x="1245" y="2730" width="360" height="678" frameX="0" frameY="-5" frameWidth="362" frameHeight="683"/>
	<SubTexture name="left0001" x="1245" y="2730" width="360" height="678" frameX="0" frameY="-5" frameWidth="362" frameHeight="683"/>
	<SubTexture name="left0002" x="781" y="2943" width="357" height="681" frameX="-3" frameY="-2" frameWidth="362" frameHeight="683"/>
	<SubTexture name="left0003" x="781" y="2943" width="357" height="681" frameX="-3" frameY="-2" frameWidth="362" frameHeight="683"/>
	<SubTexture name="left0004" x="2380" y="1293" width="351" height="682" frameX="-10" frameY="0" frameWidth="362" frameHeight="683"/>
	<SubTexture name="left0005" x="2380" y="1293" width="351" height="682" frameX="-10" frameY="0" frameWidth="362" frameHeight="683"/>
	<SubTexture name="left0006" x="2380" y="608" width="352" height="683" frameX="-10" frameY="0" frameWidth="362" frameHeight="683"/>
	<SubTexture name="left0007" x="2380" y="608" width="352" height="683" frameX="-10" frameY="0" frameWidth="362" frameHeight="683"/>
	<SubTexture name="left0008" x="2184" y="2131" width="353" height="683" frameX="-9" frameY="0" frameWidth="362" frameHeight="683"/>
	<SubTexture name="left0009" x="2184" y="2131" width="353" height="683" frameX="-9" frameY="0" frameWidth="362" frameHeight="683"/>
	<SubTexture name="left0010" x="2184" y="2131" width="353" height="683" frameX="-9" frameY="0" frameWidth="362" frameHeight="683"/>
	<SubTexture name="left0011" x="2184" y="2131" width="353" height="683" frameX="-9" frameY="0" frameWidth="362" frameHeight="683"/>
	<SubTexture name="left0012" x="2184" y="2131" width="353" height="683" frameX="-9" frameY="0" frameWidth="362" frameHeight="683"/>
	<SubTexture name="left0013" x="2184" y="2131" width="353" height="683" frameX="-9" frameY="0" frameWidth="362" frameHeight="683"/>
	<SubTexture name="right0000" x="467" y="817" width="440" height="670" frameX="-3" frameY="0" frameWidth="443" frameHeight="670"/>
	<SubTexture name="right0001" x="467" y="817" width="440" height="670" frameX="-3" frameY="0" frameWidth="443" frameHeight="670"/>
	<SubTexture name="right0002" x="548" y="1608" width="435" height="665" frameX="-1" frameY="-5" frameWidth="443" frameHeight="670"/>
	<SubTexture name="right0003" x="548" y="1608" width="435" height="665" frameX="-1" frameY="-5" frameWidth="443" frameHeight="670"/>
	<SubTexture name="right0004" x="985" y="1608" width="427" height="663" frameX="0" frameY="-7" frameWidth="443" frameHeight="670"/>
	<SubTexture name="right0005" x="985" y="1608" width="427" height="663" frameX="0" frameY="-7" frameWidth="443" frameHeight="670"/>
	<SubTexture name="right0006" x="399" y="2275" width="422" height="664" frameX="0" frameY="-6" frameWidth="443" frameHeight="670"/>
	<SubTexture name="right0007" x="399" y="2275" width="422" height="664" frameX="0" frameY="-6" frameWidth="443" frameHeight="670"/>
	<SubTexture name="right0008" x="823" y="2275" width="420" height="666" frameX="0" frameY="-4" frameWidth="443" frameHeight="670"/>
	<SubTexture name="right0009" x="823" y="2275" width="420" height="666" frameX="0" frameY="-4" frameWidth="443" frameHeight="670"/>
	<SubTexture name="right0010" x="823" y="2275" width="420" height="666" frameX="0" frameY="-4" frameWidth="443" frameHeight="670"/>
	<SubTexture name="right0011" x="823" y="2275" width="420" height="666" frameX="0" frameY="-4" frameWidth="443" frameHeight="670"/>
	<SubTexture name="right0012" x="823" y="2275" width="420" height="666" frameX="0" frameY="-4" frameWidth="443" frameHeight="670"/>
	<SubTexture name="right0013" x="823" y="2275" width="420" height="666" frameX="0" frameY="-4" frameWidth="443" frameHeight="670"/>
	<SubTexture name="up0000" x="2" y="2" width="488" height="813" frameX="0" frameY="0" frameWidth="498" frameHeight="813"/>
	<SubTexture name="up0001" x="2" y="2" width="488" height="813" frameX="0" frameY="0" frameWidth="498" frameHeight="813"/>
	<SubTexture name="up0002" x="492" y="2" width="479" height="813" frameX="-9" frameY="0" frameWidth="498" frameHeight="813"/>
	<SubTexture name="up0003" x="492" y="2" width="479" height="813" frameX="-9" frameY="0" frameWidth="498" frameHeight="813"/>
	<SubTexture name="up0004" x="973" y="2" width="472" height="805" frameX="-22" frameY="-8" frameWidth="498" frameHeight="813"/>
	<SubTexture name="up0005" x="973" y="2" width="472" height="805" frameX="-22" frameY="-8" frameWidth="498" frameHeight="813"/>
	<SubTexture name="up0006" x="973" y="809" width="466" height="797" frameX="-31" frameY="-16" frameWidth="498" frameHeight="813"/>
	<SubTexture name="up0007" x="973" y="809" width="466" height="797" frameX="-31" frameY="-16" frameWidth="498" frameHeight="813"/>
	<SubTexture name="up0008" x="2" y="817" width="463" height="793" frameX="-35" frameY="-20" frameWidth="498" frameHeight="813"/>
	<SubTexture name="up0009" x="2" y="817" width="463" height="793" frameX="-35" frameY="-20" frameWidth="498" frameHeight="813"/>
	<SubTexture name="up0010" x="2" y="817" width="463" height="793" frameX="-35" frameY="-20" frameWidth="498" frameHeight="813"/>
	<SubTexture name="up0011" x="2" y="817" width="463" height="793" frameX="-35" frameY="-20" frameWidth="498" frameHeight="813"/>
	<SubTexture name="up0012" x="2" y="817" width="463" height="793" frameX="-35" frameY="-20" frameWidth="498" frameHeight="813"/>
	<SubTexture name="up0013" x="2" y="817" width="463" height="793" frameX="-35" frameY="-20" frameWidth="498" frameHeight="813"/>
</TextureAtlas>
