﻿<?xml version="1.0" encoding="utf-8"?>
<TextureAtlas imagePath="luz.png">
	<!-- Created with Adobe Animate version 22.0.5.191 -->
	<!-- http://www.adobe.com/products/animate.html -->
	<SubTexture name="down0000" x="3521" y="1503" width="383" height="669" frameX="0" frameY="-11" frameWidth="383" frameHeight="680"/>
	<SubTexture name="down0001" x="3521" y="1503" width="383" height="669" frameX="0" frameY="-11" frameWidth="383" frameHeight="680"/>
	<SubTexture name="down0002" x="3136" y="1504" width="380" height="664" frameX="-1" frameY="-16" frameWidth="383" frameHeight="680"/>
	<SubTexture name="down0003" x="3136" y="1504" width="380" height="664" frameX="-1" frameY="-16" frameWidth="383" frameHeight="680"/>
	<SubTexture name="down0004" x="2061" y="1557" width="374" height="664" frameX="-2" frameY="-16" frameWidth="383" frameHeight="680"/>
	<SubTexture name="down0005" x="2061" y="1557" width="374" height="664" frameX="-2" frameY="-16" frameWidth="383" frameHeight="680"/>
	<SubTexture name="down0006" x="2448" y="1512" width="370" height="673" frameX="-3" frameY="-7" frameWidth="383" frameHeight="680"/>
	<SubTexture name="down0007" x="2448" y="1512" width="370" height="673" frameX="-3" frameY="-7" frameWidth="383" frameHeight="680"/>
	<SubTexture name="down0008" x="2" y="1482" width="370" height="680" frameX="-3" frameY="0" frameWidth="383" frameHeight="680"/>
	<SubTexture name="down0009" x="2" y="1482" width="370" height="680" frameX="-3" frameY="0" frameWidth="383" frameHeight="680"/>
	<SubTexture name="down0010" x="2" y="1482" width="370" height="680" frameX="-3" frameY="0" frameWidth="383" frameHeight="680"/>
	<SubTexture name="down0011" x="2" y="1482" width="370" height="680" frameX="-3" frameY="0" frameWidth="383" frameHeight="680"/>
	<SubTexture name="down0012" x="2" y="1482" width="370" height="680" frameX="-3" frameY="0" frameWidth="383" frameHeight="680"/>
	<SubTexture name="down0013" x="2" y="1482" width="370" height="680" frameX="-3" frameY="0" frameWidth="383" frameHeight="680"/>
	<SubTexture name="idle0000" x="1340" y="717" width="376" height="756" frameX="-2" frameY="-5" frameWidth="381" frameHeight="761"/>
	<SubTexture name="idle0001" x="478" y="723" width="376" height="753" frameX="-2" frameY="-8" frameWidth="381" frameHeight="761"/>
	<SubTexture name="idle0002" x="2763" y="764" width="371" height="746" frameX="-6" frameY="-15" frameWidth="381" frameHeight="761"/>
	<SubTexture name="idle0003" x="2763" y="764" width="371" height="746" frameX="-6" frameY="-15" frameWidth="381" frameHeight="761"/>
	<SubTexture name="idle0004" x="3521" y="758" width="378" height="743" frameX="-1" frameY="-17" frameWidth="381" frameHeight="761"/>
	<SubTexture name="idle0005" x="3521" y="758" width="378" height="743" frameX="-1" frameY="-17" frameWidth="381" frameHeight="761"/>
	<SubTexture name="idle0006" x="3536" y="2" width="379" height="754" frameX="-1" frameY="-7" frameWidth="381" frameHeight="761"/>
	<SubTexture name="idle0007" x="3536" y="2" width="379" height="754" frameX="-1" frameY="-7" frameWidth="381" frameHeight="761"/>
	<SubTexture name="idle0008" x="2763" y="2" width="381" height="760" frameX="0" frameY="-1" frameWidth="381" frameHeight="761"/>
	<SubTexture name="idle0009" x="2763" y="2" width="381" height="760" frameX="0" frameY="-1" frameWidth="381" frameHeight="761"/>
	<SubTexture name="idle0010" x="2380" y="2" width="381" height="761"/>
	<SubTexture name="idle0011" x="2380" y="2" width="381" height="761"/>
	<SubTexture name="idle0012" x="2380" y="2" width="381" height="761"/>
	<SubTexture name="idle0013" x="2380" y="2" width="381" height="761"/>
	<SubTexture name="left0000" x="1718" y="718" width="382" height="742" frameX="0" frameY="-12" frameWidth="404" frameHeight="754"/>
	<SubTexture name="left0001" x="1718" y="718" width="382" height="742" frameX="0" frameY="-12" frameWidth="404" frameHeight="754"/>
	<SubTexture name="left0002" x="3146" y="2" width="388" height="744" frameX="-6" frameY="-10" frameWidth="404" frameHeight="754"/>
	<SubTexture name="left0003" x="3146" y="2" width="388" height="744" frameX="-6" frameY="-10" frameWidth="404" frameHeight="754"/>
	<SubTexture name="left0004" x="956" y="715" width="382" height="748" frameX="-19" frameY="-6" frameWidth="404" frameHeight="754"/>
	<SubTexture name="left0005" x="956" y="715" width="382" height="748" frameX="-19" frameY="-6" frameWidth="404" frameHeight="754"/>
	<SubTexture name="left0006" x="2" y="727" width="376" height="753" frameX="-28" frameY="-1" frameWidth="404" frameHeight="754"/>
	<SubTexture name="left0007" x="2" y="727" width="376" height="753" frameX="-28" frameY="-1" frameWidth="404" frameHeight="754"/>
	<SubTexture name="left0008" x="3146" y="748" width="373" height="754" frameX="-31" frameY="0" frameWidth="404" frameHeight="754"/>
	<SubTexture name="left0009" x="3146" y="748" width="373" height="754" frameX="-31" frameY="0" frameWidth="404" frameHeight="754"/>
	<SubTexture name="left0010" x="3146" y="748" width="373" height="754" frameX="-31" frameY="0" frameWidth="404" frameHeight="754"/>
	<SubTexture name="left0011" x="3146" y="748" width="373" height="754" frameX="-31" frameY="0" frameWidth="404" frameHeight="754"/>
	<SubTexture name="left0012" x="3146" y="748" width="373" height="754" frameX="-31" frameY="0" frameWidth="404" frameHeight="754"/>
	<SubTexture name="left0013" x="3146" y="748" width="373" height="754" frameX="-31" frameY="0" frameWidth="404" frameHeight="754"/>
	<SubTexture name="right0000" x="1910" y="2" width="468" height="714" frameX="-33" frameY="-9" frameWidth="501" frameHeight="723"/>
	<SubTexture name="right0001" x="1910" y="2" width="468" height="714" frameX="-33" frameY="-9" frameWidth="501" frameHeight="723"/>
	<SubTexture name="right0002" x="956" y="2" width="476" height="711" frameX="-20" frameY="-12" frameWidth="501" frameHeight="723"/>
	<SubTexture name="right0003" x="956" y="2" width="476" height="711" frameX="-20" frameY="-12" frameWidth="501" frameHeight="723"/>
	<SubTexture name="right0004" x="1434" y="2" width="474" height="713" frameX="-11" frameY="-10" frameWidth="501" frameHeight="723"/>
	<SubTexture name="right0005" x="1434" y="2" width="474" height="713" frameX="-11" frameY="-10" frameWidth="501" frameHeight="723"/>
	<SubTexture name="right0006" x="478" y="2" width="476" height="719" frameX="-3" frameY="-4" frameWidth="501" frameHeight="723"/>
	<SubTexture name="right0007" x="478" y="2" width="476" height="719" frameX="-3" frameY="-4" frameWidth="501" frameHeight="723"/>
	<SubTexture name="right0008" x="2" y="2" width="474" height="723" frameX="0" frameY="0" frameWidth="501" frameHeight="723"/>
	<SubTexture name="right0009" x="2" y="2" width="474" height="723" frameX="0" frameY="0" frameWidth="501" frameHeight="723"/>
	<SubTexture name="right0010" x="2" y="2" width="474" height="723" frameX="0" frameY="0" frameWidth="501" frameHeight="723"/>
	<SubTexture name="right0011" x="2" y="2" width="474" height="723" frameX="0" frameY="0" frameWidth="501" frameHeight="723"/>
	<SubTexture name="up0000" x="380" y="1478" width="335" height="795" frameX="-1" frameY="0" frameWidth="344" frameHeight="795"/>
	<SubTexture name="up0001" x="380" y="1478" width="335" height="795" frameX="-1" frameY="0" frameWidth="344" frameHeight="795"/>
	<SubTexture name="up0002" x="856" y="1465" width="337" height="795" frameX="-2" frameY="0" frameWidth="344" frameHeight="795"/>
	<SubTexture name="up0003" x="856" y="1465" width="337" height="795" frameX="-2" frameY="0" frameWidth="344" frameHeight="795"/>
	<SubTexture name="up0004" x="1195" y="1475" width="337" height="793" frameX="-4" frameY="-2" frameWidth="344" frameHeight="795"/>
	<SubTexture name="up0005" x="1195" y="1475" width="337" height="793" frameX="-4" frameY="-2" frameWidth="344" frameHeight="795"/>
	<SubTexture name="up0006" x="1718" y="1462" width="341" height="793" frameX="-2" frameY="-2" frameWidth="344" frameHeight="795"/>
	<SubTexture name="up0007" x="1718" y="1462" width="341" height="793" frameX="-2" frameY="-2" frameWidth="344" frameHeight="795"/>
	<SubTexture name="up0008" x="2102" y="765" width="344" height="790" frameX="0" frameY="-5" frameWidth="344" frameHeight="795"/>
	<SubTexture name="up0009" x="2102" y="765" width="344" height="790" frameX="0" frameY="-5" frameWidth="344" frameHeight="795"/>
	<SubTexture name="up0010" x="2102" y="765" width="344" height="790" frameX="0" frameY="-5" frameWidth="344" frameHeight="795"/>
	<SubTexture name="up0011" x="2102" y="765" width="344" height="790" frameX="0" frameY="-5" frameWidth="344" frameHeight="795"/>
	<SubTexture name="up0012" x="2102" y="765" width="344" height="790" frameX="0" frameY="-5" frameWidth="344" frameHeight="795"/>
	<SubTexture name="up0013" x="2102" y="765" width="344" height="790" frameX="0" frameY="-5" frameWidth="344" frameHeight="795"/>
</TextureAtlas>
