﻿<?xml version="1.0" encoding="utf-8"?>
<TextureAtlas imagePath="mario phase 2.png">
	<!-- Created with Adobe Animate version 21.0.0.35450 -->
	<!-- http://www.adobe.com/products/animate.html -->
	<SubTexture name="down0000" x="2" y="2" width="1282" height="906" frameX="0" frameY="-24" frameWidth="1282" frameHeight="930"/>
	<SubTexture name="down0001" x="2" y="2" width="1282" height="906" frameX="0" frameY="-24" frameWidth="1282" frameHeight="930"/>
	<SubTexture name="down0002" x="1289" y="2" width="1221" height="930" frameX="-39" frameY="0" frameWidth="1282" frameHeight="930"/>
	<SubTexture name="down0003" x="1289" y="2" width="1221" height="930" frameX="-39" frameY="0" frameWidth="1282" frameHeight="930"/>
	<SubTexture name="down0004" x="1289" y="2" width="1221" height="930" frameX="-39" frameY="0" frameWidth="1282" frameHeight="930"/>
	<SubTexture name="down0005" x="1289" y="2" width="1221" height="930" frameX="-39" frameY="0" frameWidth="1282" frameHeight="930"/>
	<SubTexture name="down0006" x="1289" y="2" width="1221" height="930" frameX="-39" frameY="0" frameWidth="1282" frameHeight="930"/>
	<SubTexture name="down0007" x="1289" y="2" width="1221" height="930" frameX="-39" frameY="0" frameWidth="1282" frameHeight="930"/>
	<SubTexture name="down0008" x="1289" y="2" width="1221" height="930" frameX="-39" frameY="0" frameWidth="1282" frameHeight="930"/>
	<SubTexture name="down0009" x="1289" y="2" width="1221" height="930" frameX="-39" frameY="0" frameWidth="1282" frameHeight="930"/>
	<SubTexture name="down0010" x="1289" y="2" width="1221" height="930" frameX="-39" frameY="0" frameWidth="1282" frameHeight="930"/>
	<SubTexture name="down0011" x="1289" y="2" width="1221" height="930" frameX="-39" frameY="0" frameWidth="1282" frameHeight="930"/>
	<SubTexture name="down0012" x="1289" y="2" width="1221" height="930" frameX="-39" frameY="0" frameWidth="1282" frameHeight="930"/>
	<SubTexture name="down0013" x="1289" y="2" width="1221" height="930" frameX="-39" frameY="0" frameWidth="1282" frameHeight="930"/>
	<SubTexture name="idle0000" x="2515" y="2" width="512" height="1014" frameX="0" frameY="-39" frameWidth="512" frameHeight="1053"/>
	<SubTexture name="idle0001" x="2515" y="2" width="512" height="1014" frameX="0" frameY="-39" frameWidth="512" frameHeight="1053"/>
	<SubTexture name="idle0002" x="3032" y="2" width="493" height="1011" frameX="-19" frameY="-42" frameWidth="512" frameHeight="1053"/>
	<SubTexture name="idle0003" x="3032" y="2" width="493" height="1011" frameX="-19" frameY="-42" frameWidth="512" frameHeight="1053"/>
	<SubTexture name="idle0004" x="3530" y="2" width="508" height="1034" frameX="-3" frameY="-19" frameWidth="512" frameHeight="1053"/>
	<SubTexture name="idle0005" x="3530" y="2" width="508" height="1034" frameX="-3" frameY="-19" frameWidth="512" frameHeight="1053"/>
	<SubTexture name="idle0006" x="4043" y="2" width="506" height="1051" frameX="-5" frameY="-2" frameWidth="512" frameHeight="1053"/>
	<SubTexture name="idle0007" x="4043" y="2" width="506" height="1051" frameX="-5" frameY="-2" frameWidth="512" frameHeight="1053"/>
	<SubTexture name="idle0008" x="4554" y="2" width="505" height="1053" frameX="-6" frameY="0" frameWidth="512" frameHeight="1053"/>
	<SubTexture name="idle0009" x="4554" y="2" width="505" height="1053" frameX="-6" frameY="0" frameWidth="512" frameHeight="1053"/>
	<SubTexture name="idle0010" x="4554" y="2" width="505" height="1053" frameX="-6" frameY="0" frameWidth="512" frameHeight="1053"/>
	<SubTexture name="idle0011" x="4554" y="2" width="505" height="1053" frameX="-6" frameY="0" frameWidth="512" frameHeight="1053"/>
	<SubTexture name="idle0012" x="4554" y="2" width="505" height="1053" frameX="-6" frameY="0" frameWidth="512" frameHeight="1053"/>
	<SubTexture name="idle0013" x="4554" y="2" width="505" height="1053" frameX="-6" frameY="0" frameWidth="512" frameHeight="1053"/>
	<SubTexture name="laugh0000" x="5064" y="2" width="749" height="1136" frameX="-1" frameY="0" frameWidth="763" frameHeight="1136"/>
	<SubTexture name="laugh0001" x="5064" y="2" width="749" height="1136" frameX="-1" frameY="0" frameWidth="763" frameHeight="1136"/>
	<SubTexture name="laugh0002" x="5818" y="2" width="750" height="1133" frameX="0" frameY="-3" frameWidth="763" frameHeight="1136"/>
	<SubTexture name="laugh0003" x="5818" y="2" width="750" height="1133" frameX="0" frameY="-3" frameWidth="763" frameHeight="1136"/>
	<SubTexture name="laugh0004" x="6573" y="2" width="739" height="1111" frameX="-23" frameY="-24" frameWidth="763" frameHeight="1136"/>
	<SubTexture name="laugh0005" x="6573" y="2" width="739" height="1111" frameX="-23" frameY="-24" frameWidth="763" frameHeight="1136"/>
	<SubTexture name="laugh0006" x="7317" y="2" width="736" height="1108" frameX="-27" frameY="-27" frameWidth="763" frameHeight="1136"/>
	<SubTexture name="laugh0007" x="7317" y="2" width="736" height="1108" frameX="-27" frameY="-27" frameWidth="763" frameHeight="1136"/>
	<SubTexture name="laugh0008" x="7317" y="2" width="736" height="1108" frameX="-27" frameY="-27" frameWidth="763" frameHeight="1136"/>
	<SubTexture name="laugh0009" x="7317" y="2" width="736" height="1108" frameX="-27" frameY="-27" frameWidth="763" frameHeight="1136"/>
	<SubTexture name="laugh0010" x="7317" y="2" width="736" height="1108" frameX="-27" frameY="-27" frameWidth="763" frameHeight="1136"/>
	<SubTexture name="laugh0011" x="7317" y="2" width="736" height="1108" frameX="-27" frameY="-27" frameWidth="763" frameHeight="1136"/>
	<SubTexture name="laugh0012" x="7317" y="2" width="736" height="1108" frameX="-27" frameY="-27" frameWidth="763" frameHeight="1136"/>
	<SubTexture name="laugh0013" x="7317" y="2" width="736" height="1108" frameX="-27" frameY="-27" frameWidth="763" frameHeight="1136"/>
	<SubTexture name="left0000" x="2" y="1143" width="970" height="936" frameX="0" frameY="-11" frameWidth="988" frameHeight="947"/>
	<SubTexture name="left0001" x="2" y="1143" width="970" height="936" frameX="0" frameY="-11" frameWidth="988" frameHeight="947"/>
	<SubTexture name="left0002" x="977" y="1143" width="974" height="947" frameX="-14" frameY="0" frameWidth="988" frameHeight="947"/>
	<SubTexture name="left0003" x="977" y="1143" width="974" height="947" frameX="-14" frameY="0" frameWidth="988" frameHeight="947"/>
	<SubTexture name="left0004" x="977" y="1143" width="974" height="947" frameX="-14" frameY="0" frameWidth="988" frameHeight="947"/>
	<SubTexture name="left0005" x="977" y="1143" width="974" height="947" frameX="-14" frameY="0" frameWidth="988" frameHeight="947"/>
	<SubTexture name="left0006" x="977" y="1143" width="974" height="947" frameX="-14" frameY="0" frameWidth="988" frameHeight="947"/>
	<SubTexture name="left0007" x="977" y="1143" width="974" height="947" frameX="-14" frameY="0" frameWidth="988" frameHeight="947"/>
	<SubTexture name="left0008" x="977" y="1143" width="974" height="947" frameX="-14" frameY="0" frameWidth="988" frameHeight="947"/>
	<SubTexture name="left0009" x="977" y="1143" width="974" height="947" frameX="-14" frameY="0" frameWidth="988" frameHeight="947"/>
	<SubTexture name="left0010" x="977" y="1143" width="974" height="947" frameX="-14" frameY="0" frameWidth="988" frameHeight="947"/>
	<SubTexture name="left0011" x="977" y="1143" width="974" height="947" frameX="-14" frameY="0" frameWidth="988" frameHeight="947"/>
	<SubTexture name="left0012" x="977" y="1143" width="974" height="947" frameX="-14" frameY="0" frameWidth="988" frameHeight="947"/>
	<SubTexture name="left0013" x="977" y="1143" width="974" height="947" frameX="-14" frameY="0" frameWidth="988" frameHeight="947"/>
	<SubTexture name="right0000" x="1956" y="1143" width="831" height="880" frameX="-1" frameY="-3" frameWidth="832" frameHeight="883"/>
	<SubTexture name="right0001" x="1956" y="1143" width="831" height="880" frameX="-1" frameY="-3" frameWidth="832" frameHeight="883"/>
	<SubTexture name="right0002" x="2792" y="1143" width="821" height="883" frameX="0" frameY="0" frameWidth="832" frameHeight="883"/>
	<SubTexture name="right0003" x="2792" y="1143" width="821" height="883" frameX="0" frameY="0" frameWidth="832" frameHeight="883"/>
	<SubTexture name="right0004" x="2792" y="1143" width="821" height="883" frameX="0" frameY="0" frameWidth="832" frameHeight="883"/>
	<SubTexture name="right0005" x="2792" y="1143" width="821" height="883" frameX="0" frameY="0" frameWidth="832" frameHeight="883"/>
	<SubTexture name="right0006" x="2792" y="1143" width="821" height="883" frameX="0" frameY="0" frameWidth="832" frameHeight="883"/>
	<SubTexture name="right0007" x="2792" y="1143" width="821" height="883" frameX="0" frameY="0" frameWidth="832" frameHeight="883"/>
	<SubTexture name="right0008" x="2792" y="1143" width="821" height="883" frameX="0" frameY="0" frameWidth="832" frameHeight="883"/>
	<SubTexture name="right0009" x="2792" y="1143" width="821" height="883" frameX="0" frameY="0" frameWidth="832" frameHeight="883"/>
	<SubTexture name="right0010" x="2792" y="1143" width="821" height="883" frameX="0" frameY="0" frameWidth="832" frameHeight="883"/>
	<SubTexture name="right0011" x="2792" y="1143" width="821" height="883" frameX="0" frameY="0" frameWidth="832" frameHeight="883"/>
	<SubTexture name="right0012" x="2792" y="1143" width="821" height="883" frameX="0" frameY="0" frameWidth="832" frameHeight="883"/>
	<SubTexture name="right0013" x="2792" y="1143" width="821" height="883" frameX="0" frameY="0" frameWidth="832" frameHeight="883"/>
	<SubTexture name="up0000" x="3618" y="1143" width="610" height="1114" frameX="-13" frameY="0" frameWidth="632" frameHeight="1114"/>
	<SubTexture name="up0001" x="3618" y="1143" width="610" height="1114" frameX="-13" frameY="0" frameWidth="632" frameHeight="1114"/>
	<SubTexture name="up0002" x="4233" y="1143" width="632" height="1090" frameX="0" frameY="-24" frameWidth="632" frameHeight="1114"/>
	<SubTexture name="up0003" x="4233" y="1143" width="632" height="1090" frameX="0" frameY="-24" frameWidth="632" frameHeight="1114"/>
	<SubTexture name="up0004" x="4233" y="1143" width="632" height="1090" frameX="0" frameY="-24" frameWidth="632" frameHeight="1114"/>
	<SubTexture name="up0005" x="4233" y="1143" width="632" height="1090" frameX="0" frameY="-24" frameWidth="632" frameHeight="1114"/>
	<SubTexture name="up0006" x="4233" y="1143" width="632" height="1090" frameX="0" frameY="-24" frameWidth="632" frameHeight="1114"/>
	<SubTexture name="up0007" x="4233" y="1143" width="632" height="1090" frameX="0" frameY="-24" frameWidth="632" frameHeight="1114"/>
	<SubTexture name="up0008" x="4233" y="1143" width="632" height="1090" frameX="0" frameY="-24" frameWidth="632" frameHeight="1114"/>
	<SubTexture name="up0009" x="4233" y="1143" width="632" height="1090" frameX="0" frameY="-24" frameWidth="632" frameHeight="1114"/>
	<SubTexture name="up0010" x="4233" y="1143" width="632" height="1090" frameX="0" frameY="-24" frameWidth="632" frameHeight="1114"/>
	<SubTexture name="up0011" x="4233" y="1143" width="632" height="1090" frameX="0" frameY="-24" frameWidth="632" frameHeight="1114"/>
	<SubTexture name="up0012" x="4233" y="1143" width="632" height="1090" frameX="0" frameY="-24" frameWidth="632" frameHeight="1114"/>
	<SubTexture name="up0013" x="4233" y="1143" width="632" height="1090" frameX="0" frameY="-24" frameWidth="632" frameHeight="1114"/>
</TextureAtlas>
