﻿<?xml version="1.0" encoding="utf-8"?>
<TextureAtlas imagePath="matpat_assets.png">
	<!-- Created with Adobe Animate version 19.0.0.326 -->
	<!-- http://www.adobe.com/products/animate.html -->
	<SubTexture name="mat down note0000" x="50" y="50" width="665" height="582"/>
	<SubTexture name="mat down note0001" x="50" y="50" width="665" height="582"/>
	<SubTexture name="mat down note0002" x="765" y="50" width="665" height="582"/>
	<SubTexture name="mat down note0003" x="765" y="50" width="665" height="582"/>
	<SubTexture name="mat down note0004" x="765" y="50" width="665" height="582"/>
	<SubTexture name="mat down note0005" x="765" y="50" width="665" height="582"/>
	<SubTexture name="mat down note0006" x="765" y="50" width="665" height="582"/>
	<SubTexture name="mat down note0007" x="765" y="50" width="665" height="582"/>
	<SubTexture name="mat down note0008" x="765" y="50" width="665" height="582"/>
	<SubTexture name="mat down note0009" x="765" y="50" width="665" height="582"/>
	<SubTexture name="mat down note0010" x="765" y="50" width="665" height="582"/>
	<SubTexture name="mat down note0011" x="765" y="50" width="665" height="582"/>
	<SubTexture name="mat down note0012" x="765" y="50" width="665" height="582"/>
	<SubTexture name="mat down note0013" x="765" y="50" width="665" height="582"/>
	<SubTexture name="mat down note0014" x="765" y="50" width="665" height="582"/>
	<SubTexture name="mat down note0015" x="765" y="50" width="665" height="582"/>
	<SubTexture name="mat down note0016" x="765" y="50" width="665" height="582"/>
	<SubTexture name="mat down note0017" x="765" y="50" width="665" height="582"/>
	<SubTexture name="mat down note0018" x="765" y="50" width="665" height="582"/>
	<SubTexture name="mat down note0019" x="765" y="50" width="665" height="582"/>
	<SubTexture name="mat down note0020" x="765" y="50" width="665" height="582"/>
	<SubTexture name="mat down note0021" x="765" y="50" width="665" height="582"/>
	<SubTexture name="mat down note0022" x="765" y="50" width="665" height="582"/>
	<SubTexture name="mat down note0023" x="765" y="50" width="665" height="582"/>
	<SubTexture name="mat down note0024" x="765" y="50" width="665" height="582"/>
	<SubTexture name="mat down note0025" x="765" y="50" width="665" height="582"/>
	<SubTexture name="mat down note0026" x="765" y="50" width="665" height="582"/>
	<SubTexture name="mat down note0027" x="765" y="50" width="665" height="582"/>
	<SubTexture name="mat down note0028" x="765" y="50" width="665" height="582"/>
	<SubTexture name="mat idle dance0000" x="1480" y="50" width="282" height="757"/>
	<SubTexture name="mat idle dance0001" x="1480" y="50" width="282" height="757"/>
	<SubTexture name="mat idle dance0002" x="1812" y="50" width="282" height="757"/>
	<SubTexture name="mat idle dance0003" x="1812" y="50" width="282" height="757"/>
	<SubTexture name="mat idle dance0004" x="2144" y="50" width="282" height="757"/>
	<SubTexture name="mat idle dance0005" x="2144" y="50" width="282" height="757"/>
	<SubTexture name="mat idle dance0006" x="2476" y="50" width="282" height="757"/>
	<SubTexture name="mat idle dance0007" x="2476" y="50" width="282" height="757"/>
	<SubTexture name="mat idle dance0008" x="2808" y="50" width="282" height="757"/>
	<SubTexture name="mat idle dance0009" x="2808" y="50" width="282" height="757"/>
	<SubTexture name="mat idle dance0010" x="2808" y="50" width="282" height="757"/>
	<SubTexture name="mat idle dance0011" x="2808" y="50" width="282" height="757"/>
	<SubTexture name="mat idle dance0012" x="2808" y="50" width="282" height="757"/>
	<SubTexture name="mat idle dance0013" x="2808" y="50" width="282" height="757"/>
	<SubTexture name="mat left note0000" x="3140" y="50" width="556" height="720"/>
	<SubTexture name="mat left note0001" x="50" y="857" width="556" height="720"/>
	<SubTexture name="mat left note0002" x="656" y="857" width="556" height="720"/>
	<SubTexture name="mat left note0003" x="1262" y="857" width="556" height="720"/>
	<SubTexture name="mat left note0004" x="1868" y="857" width="556" height="720"/>
	<SubTexture name="mat left note0005" x="2474" y="857" width="556" height="720"/>
	<SubTexture name="mat left note0006" x="1868" y="857" width="556" height="720"/>
	<SubTexture name="mat left note0007" x="2474" y="857" width="556" height="720"/>
	<SubTexture name="mat left note0008" x="1868" y="857" width="556" height="720"/>
	<SubTexture name="mat left note0009" x="2474" y="857" width="556" height="720"/>
	<SubTexture name="mat left note0010" x="1868" y="857" width="556" height="720"/>
	<SubTexture name="mat left note0011" x="2474" y="857" width="556" height="720"/>
	<SubTexture name="mat left note0012" x="1868" y="857" width="556" height="720"/>
	<SubTexture name="mat left note0013" x="2474" y="857" width="556" height="720"/>
	<SubTexture name="mat left note0014" x="1868" y="857" width="556" height="720"/>
	<SubTexture name="mat left note0015" x="2474" y="857" width="556" height="720"/>
	<SubTexture name="mat left note0016" x="1868" y="857" width="556" height="720"/>
	<SubTexture name="mat left note0017" x="2474" y="857" width="556" height="720"/>
	<SubTexture name="mat left note0018" x="1868" y="857" width="556" height="720"/>
	<SubTexture name="mat left note0019" x="2474" y="857" width="556" height="720"/>
	<SubTexture name="mat left note0020" x="1868" y="857" width="556" height="720"/>
	<SubTexture name="mat left note0021" x="2474" y="857" width="556" height="720"/>
	<SubTexture name="mat left note0022" x="1868" y="857" width="556" height="720"/>
	<SubTexture name="mat left note0023" x="2474" y="857" width="556" height="720"/>
	<SubTexture name="mat left note0024" x="1868" y="857" width="556" height="720"/>
	<SubTexture name="mat left note0025" x="2474" y="857" width="556" height="720"/>
	<SubTexture name="mat left note0026" x="1868" y="857" width="556" height="720"/>
	<SubTexture name="mat left note0027" x="2474" y="857" width="556" height="720"/>
	<SubTexture name="mat left note0028" x="1868" y="857" width="556" height="720"/>
	<SubTexture name="mat left note0029" x="2474" y="857" width="556" height="720"/>
	<SubTexture name="mat right note0000" x="3080" y="857" width="453" height="775"/>
	<SubTexture name="mat right note0001" x="3080" y="857" width="453" height="775"/>
	<SubTexture name="mat right note0002" x="3583" y="857" width="453" height="775"/>
	<SubTexture name="mat right note0003" x="3583" y="857" width="453" height="775"/>
	<SubTexture name="mat right note0004" x="3583" y="857" width="453" height="775"/>
	<SubTexture name="mat right note0005" x="3583" y="857" width="453" height="775"/>
	<SubTexture name="mat right note0006" x="3583" y="857" width="453" height="775"/>
	<SubTexture name="mat right note0007" x="3583" y="857" width="453" height="775"/>
	<SubTexture name="mat right note0008" x="3583" y="857" width="453" height="775"/>
	<SubTexture name="mat right note0009" x="3583" y="857" width="453" height="775"/>
	<SubTexture name="mat right note0010" x="3583" y="857" width="453" height="775"/>
	<SubTexture name="mat right note0011" x="3583" y="857" width="453" height="775"/>
	<SubTexture name="mat right note0012" x="3583" y="857" width="453" height="775"/>
	<SubTexture name="mat right note0013" x="3583" y="857" width="453" height="775"/>
	<SubTexture name="mat right note0014" x="3583" y="857" width="453" height="775"/>
	<SubTexture name="mat right note0015" x="3583" y="857" width="453" height="775"/>
	<SubTexture name="mat right note0016" x="3583" y="857" width="453" height="775"/>
	<SubTexture name="mat right note0017" x="3583" y="857" width="453" height="775"/>
	<SubTexture name="mat right note0018" x="3583" y="857" width="453" height="775"/>
	<SubTexture name="mat right note0019" x="3583" y="857" width="453" height="775"/>
	<SubTexture name="mat right note0020" x="3583" y="857" width="453" height="775"/>
	<SubTexture name="mat right note0021" x="3583" y="857" width="453" height="775"/>
	<SubTexture name="mat right note0022" x="3583" y="857" width="453" height="775"/>
	<SubTexture name="mat right note0023" x="3583" y="857" width="453" height="775"/>
	<SubTexture name="mat right note0024" x="3583" y="857" width="453" height="775"/>
	<SubTexture name="mat right note0025" x="3583" y="857" width="453" height="775"/>
	<SubTexture name="mat right note0026" x="3583" y="857" width="453" height="775"/>
	<SubTexture name="mat right note0027" x="3583" y="857" width="453" height="775"/>
	<SubTexture name="mat right note0028" x="3583" y="857" width="453" height="775"/>
	<SubTexture name="mat up note0000" x="50" y="1682" width="320" height="823"/>
	<SubTexture name="mat up note0001" x="50" y="1682" width="320" height="823"/>
	<SubTexture name="mat up note0002" x="420" y="1682" width="320" height="823"/>
	<SubTexture name="mat up note0003" x="420" y="1682" width="320" height="823"/>
	<SubTexture name="mat up note0004" x="420" y="1682" width="320" height="823"/>
	<SubTexture name="mat up note0005" x="420" y="1682" width="320" height="823"/>
	<SubTexture name="mat up note0006" x="420" y="1682" width="320" height="823"/>
	<SubTexture name="mat up note0007" x="420" y="1682" width="320" height="823"/>
	<SubTexture name="mat up note0008" x="420" y="1682" width="320" height="823"/>
	<SubTexture name="mat up note0009" x="420" y="1682" width="320" height="823"/>
	<SubTexture name="mat up note0010" x="420" y="1682" width="320" height="823"/>
	<SubTexture name="mat up note0011" x="420" y="1682" width="320" height="823"/>
	<SubTexture name="mat up note0012" x="420" y="1682" width="320" height="823"/>
	<SubTexture name="mat up note0013" x="420" y="1682" width="320" height="823"/>
	<SubTexture name="mat up note0014" x="420" y="1682" width="320" height="823"/>
	<SubTexture name="mat up note0015" x="420" y="1682" width="320" height="823"/>
	<SubTexture name="mat up note0016" x="420" y="1682" width="320" height="823"/>
	<SubTexture name="mat up note0017" x="420" y="1682" width="320" height="823"/>
	<SubTexture name="mat up note0018" x="420" y="1682" width="320" height="823"/>
	<SubTexture name="mat up note0019" x="420" y="1682" width="320" height="823"/>
	<SubTexture name="mat up note0020" x="420" y="1682" width="320" height="823"/>
	<SubTexture name="mat up note0021" x="420" y="1682" width="320" height="823"/>
	<SubTexture name="mat up note0022" x="420" y="1682" width="320" height="823"/>
	<SubTexture name="mat up note0023" x="420" y="1682" width="320" height="823"/>
	<SubTexture name="mat up note0024" x="420" y="1682" width="320" height="823"/>
	<SubTexture name="mat up note0025" x="420" y="1682" width="320" height="823"/>
	<SubTexture name="mat up note0026" x="420" y="1682" width="320" height="823"/>
	<SubTexture name="mat up note0027" x="420" y="1682" width="320" height="823"/>
	<SubTexture name="mat up note0028" x="420" y="1682" width="320" height="823"/>
	<SubTexture name="mat up note0029" x="420" y="1682" width="320" height="823"/>
</TextureAtlas>
