<?xml version="1.0" encoding="UTF-8"?>
<!--
Created with Funkin Packer v0.1.3 https://neeeoo.github.io/funkin-packer/
-->
<TextureAtlas imagePath="maxdicklover.png" width="4115" height="640">
	<SubTexture name="down0000" x="320" y="0" width="301" height="516" frameX="-12" frameY="-0" frameWidth="316" frameHeight="516"/>
	<SubTexture name="down0001" x="320" y="0" width="301" height="516" frameX="-12" frameY="-0" frameWidth="316" frameHeight="516"/>
	<SubTexture name="down0002" x="0" y="0" width="315" height="503" frameX="-0" frameY="-13" frameWidth="316" frameHeight="516"/>
	<SubTexture name="down0003" x="0" y="0" width="315" height="503" frameX="-0" frameY="-13" frameWidth="316" frameHeight="516"/>
	<SubTexture name="idle0000" x="2923" y="0" width="261" height="602" frameX="-0" frameY="-0" frameWidth="261" frameHeight="602"/>
	<SubTexture name="idle0001" x="2923" y="0" width="261" height="602" frameX="-0" frameY="-0" frameWidth="261" frameHeight="602"/>
	<SubTexture name="idle0002" x="2923" y="0" width="261" height="602" frameX="-0" frameY="-0" frameWidth="261" frameHeight="602"/>
	<SubTexture name="idle0003" x="2923" y="0" width="261" height="602" frameX="-0" frameY="-0" frameWidth="261" frameHeight="602"/>
	<SubTexture name="idle0004" x="2923" y="0" width="261" height="602" frameX="-0" frameY="-0" frameWidth="261" frameHeight="602"/>
	<SubTexture name="idle0005" x="2657" y="0" width="261" height="601" frameX="-0" frameY="-1" frameWidth="261" frameHeight="602"/>
	<SubTexture name="idle0006" x="2657" y="0" width="261" height="601" frameX="-0" frameY="-1" frameWidth="261" frameHeight="602"/>
	<SubTexture name="idle0007" x="2657" y="0" width="261" height="601" frameX="-0" frameY="-1" frameWidth="261" frameHeight="602"/>
	<SubTexture name="idle0008" x="2657" y="0" width="261" height="601" frameX="-0" frameY="-1" frameWidth="261" frameHeight="602"/>
	<SubTexture name="idle0009" x="2657" y="0" width="261" height="601" frameX="-0" frameY="-1" frameWidth="261" frameHeight="602"/>
	<SubTexture name="idle0010" x="2392" y="0" width="260" height="600" frameX="-1" frameY="-2" frameWidth="261" frameHeight="602"/>
	<SubTexture name="idle0011" x="2392" y="0" width="260" height="600" frameX="-1" frameY="-2" frameWidth="261" frameHeight="602"/>
	<SubTexture name="idle0012" x="2392" y="0" width="260" height="600" frameX="-1" frameY="-2" frameWidth="261" frameHeight="602"/>
	<SubTexture name="idle0013" x="2392" y="0" width="260" height="600" frameX="-1" frameY="-2" frameWidth="261" frameHeight="602"/>
	<SubTexture name="idle0014" x="2392" y="0" width="260" height="600" frameX="-1" frameY="-2" frameWidth="261" frameHeight="602"/>
	<SubTexture name="idle0015" x="3189" y="0" width="261" height="602" frameX="-0" frameY="-0" frameWidth="261" frameHeight="602"/>
	<SubTexture name="idle0016" x="3189" y="0" width="261" height="602" frameX="-0" frameY="-0" frameWidth="261" frameHeight="602"/>
	<SubTexture name="idle0017" x="3189" y="0" width="261" height="602" frameX="-0" frameY="-0" frameWidth="261" frameHeight="602"/>
	<SubTexture name="idle0018" x="3189" y="0" width="261" height="602" frameX="-0" frameY="-0" frameWidth="261" frameHeight="602"/>
	<SubTexture name="idle0019" x="3189" y="0" width="261" height="602" frameX="-0" frameY="-0" frameWidth="261" frameHeight="602"/>
	<SubTexture name="left0000" x="1114" y="0" width="423" height="573" frameX="-0" frameY="-9" frameWidth="423" frameHeight="582"/>
	<SubTexture name="left0001" x="1114" y="0" width="423" height="573" frameX="-0" frameY="-9" frameWidth="423" frameHeight="582"/>
	<SubTexture name="left0002" x="2002" y="0" width="385" height="582" frameX="-27" frameY="-0" frameWidth="423" frameHeight="582"/>
	<SubTexture name="left0003" x="2002" y="0" width="385" height="582" frameX="-27" frameY="-0" frameWidth="423" frameHeight="582"/>
	<SubTexture name="right0000" x="626" y="0" width="483" height="571" frameX="-0" frameY="-4" frameWidth="483" frameHeight="575"/>
	<SubTexture name="right0001" x="626" y="0" width="483" height="571" frameX="-0" frameY="-4" frameWidth="483" frameHeight="575"/>
	<SubTexture name="right0002" x="1542" y="0" width="455" height="575" frameX="-2" frameY="-0" frameWidth="483" frameHeight="575"/>
	<SubTexture name="right0003" x="1542" y="0" width="455" height="575" frameX="-2" frameY="-0" frameWidth="483" frameHeight="575"/>
	<SubTexture name="up0000" x="3789" y="0" width="326" height="640" frameX="-12" frameY="-0" frameWidth="338" frameHeight="640"/>
	<SubTexture name="up0001" x="3789" y="0" width="326" height="640" frameX="-12" frameY="-0" frameWidth="338" frameHeight="640"/>
	<SubTexture name="up0002" x="3455" y="0" width="329" height="613" frameX="-0" frameY="-27" frameWidth="338" frameHeight="640"/>
	<SubTexture name="up0003" x="3455" y="0" width="329" height="613" frameX="-0" frameY="-27" frameWidth="338" frameHeight="640"/>
</TextureAtlas>