﻿<?xml version="1.0" encoding="utf-8"?>
<TextureAtlas imagePath="prange.png">
	<!-- Created with Adobe Animate version 22.0.6.202 -->
	<!-- http://www.adobe.com/products/animate.html -->
	<SubTexture name="down0000" x="5" y="5" width="305" height="270"/>
	<SubTexture name="down0001" x="5" y="5" width="305" height="270"/>
	<SubTexture name="down0002" x="5" y="5" width="305" height="270"/>
	<SubTexture name="down0003" x="315" y="5" width="305" height="270"/>
	<SubTexture name="down0004" x="315" y="5" width="305" height="270"/>
	<SubTexture name="down0005" x="315" y="5" width="305" height="270"/>
	<SubTexture name="idle0000" x="625" y="5" width="151" height="171"/>
	<SubTexture name="idle0001" x="625" y="5" width="151" height="171"/>
	<SubTexture name="idle0002" x="625" y="5" width="151" height="171"/>
	<SubTexture name="idle0003" x="781" y="5" width="151" height="171"/>
	<SubTexture name="idle0004" x="781" y="5" width="151" height="171"/>
	<SubTexture name="idle0005" x="781" y="5" width="151" height="171"/>
	<SubTexture name="idle0006" x="937" y="5" width="151" height="171"/>
	<SubTexture name="idle0007" x="937" y="5" width="151" height="171"/>
	<SubTexture name="idle0008" x="937" y="5" width="151" height="171"/>
	<SubTexture name="idle0009" x="1093" y="5" width="151" height="171"/>
	<SubTexture name="idle0010" x="1093" y="5" width="151" height="171"/>
	<SubTexture name="idle0011" x="1093" y="5" width="151" height="171"/>
	<SubTexture name="idle0012" x="1249" y="5" width="151" height="171"/>
	<SubTexture name="idle0013" x="1249" y="5" width="151" height="171"/>
	<SubTexture name="idle0014" x="1249" y="5" width="151" height="171"/>
	<SubTexture name="left0000" x="1405" y="5" width="305" height="270"/>
	<SubTexture name="left0001" x="1405" y="5" width="305" height="270"/>
	<SubTexture name="left0002" x="1405" y="5" width="305" height="270"/>
	<SubTexture name="left0003" x="1715" y="5" width="305" height="270"/>
	<SubTexture name="left0004" x="1715" y="5" width="305" height="270"/>
	<SubTexture name="left0005" x="1715" y="5" width="305" height="270"/>
	<SubTexture name="right0000" x="5" y="280" width="305" height="270"/>
	<SubTexture name="right0001" x="5" y="280" width="305" height="270"/>
	<SubTexture name="right0002" x="5" y="280" width="305" height="270"/>
	<SubTexture name="right0003" x="315" y="280" width="305" height="270"/>
	<SubTexture name="right0004" x="315" y="280" width="305" height="270"/>
	<SubTexture name="right0005" x="315" y="280" width="305" height="270"/>
	<SubTexture name="showoff0000" x="625" y="280" width="241" height="239"/>
	<SubTexture name="showoff0001" x="625" y="280" width="241" height="239"/>
	<SubTexture name="showoff0002" x="625" y="280" width="241" height="239"/>
	<SubTexture name="showoff0003" x="871" y="280" width="241" height="239"/>
	<SubTexture name="showoff0004" x="871" y="280" width="241" height="239"/>
	<SubTexture name="showoff0005" x="871" y="280" width="241" height="239"/>
	<SubTexture name="showoff0006" x="1117" y="280" width="241" height="239"/>
	<SubTexture name="showoff0007" x="1117" y="280" width="241" height="239"/>
	<SubTexture name="showoff0008" x="1117" y="280" width="241" height="239"/>
	<SubTexture name="showoff0009" x="1363" y="280" width="241" height="239"/>
	<SubTexture name="showoff0010" x="1363" y="280" width="241" height="239"/>
	<SubTexture name="showoff0011" x="1363" y="280" width="241" height="239"/>
	<SubTexture name="showoff0012" x="1363" y="280" width="241" height="239"/>
	<SubTexture name="showoff0013" x="1609" y="280" width="241" height="239"/>
	<SubTexture name="showoff0014" x="1609" y="280" width="241" height="239"/>
	<SubTexture name="showoff0015" x="1609" y="280" width="241" height="239"/>
	<SubTexture name="showoff0016" x="1609" y="280" width="241" height="239"/>
	<SubTexture name="showoff0017" x="5" y="555" width="241" height="239"/>
	<SubTexture name="showoff0018" x="5" y="555" width="241" height="239"/>
	<SubTexture name="showoff0019" x="5" y="555" width="241" height="239"/>
	<SubTexture name="showoff0020" x="5" y="555" width="241" height="239"/>
	<SubTexture name="showoff0021" x="251" y="555" width="241" height="239"/>
	<SubTexture name="showoff0022" x="251" y="555" width="241" height="239"/>
	<SubTexture name="showoff0023" x="251" y="555" width="241" height="239"/>
	<SubTexture name="showoff0024" x="497" y="555" width="241" height="239"/>
	<SubTexture name="showoff0025" x="497" y="555" width="241" height="239"/>
	<SubTexture name="showoff0026" x="497" y="555" width="241" height="239"/>
	<SubTexture name="showoff0027" x="743" y="555" width="241" height="239"/>
	<SubTexture name="showoff0028" x="743" y="555" width="241" height="239"/>
	<SubTexture name="showoff0029" x="743" y="555" width="241" height="239"/>
	<SubTexture name="showoff0030" x="743" y="555" width="241" height="239"/>
	<SubTexture name="showoff0031" x="743" y="555" width="241" height="239"/>
	<SubTexture name="showoff0032" x="743" y="555" width="241" height="239"/>
	<SubTexture name="showoff0033" x="743" y="555" width="241" height="239"/>
	<SubTexture name="showoff0034" x="743" y="555" width="241" height="239"/>
	<SubTexture name="showoff0035" x="743" y="555" width="241" height="239"/>
	<SubTexture name="showoff0036" x="743" y="555" width="241" height="239"/>
	<SubTexture name="showoff0037" x="743" y="555" width="241" height="239"/>
	<SubTexture name="showoff0038" x="743" y="555" width="241" height="239"/>
	<SubTexture name="showoff0039" x="743" y="555" width="241" height="239"/>
	<SubTexture name="showoff0040" x="743" y="555" width="241" height="239"/>
	<SubTexture name="showoff0041" x="743" y="555" width="241" height="239"/>
	<SubTexture name="showoff0042" x="743" y="555" width="241" height="239"/>
	<SubTexture name="showoff0043" x="743" y="555" width="241" height="239"/>
	<SubTexture name="showoff0044" x="743" y="555" width="241" height="239"/>
	<SubTexture name="showoff0045" x="743" y="555" width="241" height="239"/>
	<SubTexture name="showoff0046" x="743" y="555" width="241" height="239"/>
	<SubTexture name="showoff0047" x="743" y="555" width="241" height="239"/>
	<SubTexture name="showoff0048" x="743" y="555" width="241" height="239"/>
	<SubTexture name="showoff0049" x="743" y="555" width="241" height="239"/>
	<SubTexture name="showoff0050" x="743" y="555" width="241" height="239"/>
	<SubTexture name="showoff0051" x="743" y="555" width="241" height="239"/>
	<SubTexture name="showoff0052" x="743" y="555" width="241" height="239"/>
	<SubTexture name="up0000" x="989" y="555" width="305" height="270"/>
	<SubTexture name="up0001" x="989" y="555" width="305" height="270"/>
	<SubTexture name="up0002" x="989" y="555" width="305" height="270"/>
	<SubTexture name="up0003" x="1299" y="555" width="305" height="270"/>
	<SubTexture name="up0004" x="1299" y="555" width="305" height="270"/>
	<SubTexture name="up0005" x="1299" y="555" width="305" height="270"/>
</TextureAtlas>
