﻿<?xml version="1.0" encoding="utf-8"?>
<TextureAtlas imagePath="salvage.png">
	<!-- Created with Adobe Animate version 22.0.6.202 -->
	<!-- http://www.adobe.com/products/animate.html -->
	<SubTexture name="altdown0000" x="5" y="5" width="551" height="594"/>
	<SubTexture name="altdown0001" x="561" y="5" width="551" height="594"/>
	<SubTexture name="altdown0002" x="561" y="5" width="551" height="594"/>
	<SubTexture name="altdown0003" x="561" y="5" width="551" height="594"/>
	<SubTexture name="altdown0004" x="1117" y="5" width="551" height="594"/>
	<SubTexture name="altdown0005" x="561" y="5" width="551" height="594"/>
	<SubTexture name="altdown0006" x="561" y="5" width="551" height="594"/>
	<SubTexture name="altdown0007" x="561" y="5" width="551" height="594"/>
	<SubTexture name="altdown0008" x="561" y="5" width="551" height="594"/>
	<SubTexture name="altdown0009" x="561" y="5" width="551" height="594"/>
	<SubTexture name="altdown0010" x="561" y="5" width="551" height="594"/>
	<SubTexture name="altdown0011" x="561" y="5" width="551" height="594"/>
	<SubTexture name="altdown0012" x="561" y="5" width="551" height="594"/>
	<SubTexture name="altdown0013" x="561" y="5" width="551" height="594"/>
	<SubTexture name="altdown0014" x="561" y="5" width="551" height="594"/>
	<SubTexture name="altdown0015" x="561" y="5" width="551" height="594"/>
	<SubTexture name="altdown0016" x="561" y="5" width="551" height="594"/>
	<SubTexture name="altleft0000" x="1673" y="5" width="568" height="773"/>
	<SubTexture name="altleft0001" x="2246" y="5" width="568" height="773"/>
	<SubTexture name="altleft0002" x="2819" y="5" width="568" height="773"/>
	<SubTexture name="altleft0003" x="2819" y="5" width="568" height="773"/>
	<SubTexture name="altleft0004" x="2819" y="5" width="568" height="773"/>
	<SubTexture name="altleft0005" x="2819" y="5" width="568" height="773"/>
	<SubTexture name="altleft0006" x="3392" y="5" width="568" height="773"/>
	<SubTexture name="altleft0007" x="2819" y="5" width="568" height="773"/>
	<SubTexture name="altleft0008" x="2819" y="5" width="568" height="773"/>
	<SubTexture name="altleft0009" x="2819" y="5" width="568" height="773"/>
	<SubTexture name="altleft0010" x="2819" y="5" width="568" height="773"/>
	<SubTexture name="altleft0011" x="2819" y="5" width="568" height="773"/>
	<SubTexture name="altleft0012" x="2819" y="5" width="568" height="773"/>
	<SubTexture name="altleft0013" x="2819" y="5" width="568" height="773"/>
	<SubTexture name="altleft0014" x="2819" y="5" width="568" height="773"/>
	<SubTexture name="altleft0015" x="2819" y="5" width="568" height="773"/>
	<SubTexture name="altleft0016" x="2819" y="5" width="568" height="773"/>
	<SubTexture name="altleft0017" x="2819" y="5" width="568" height="773"/>
	<SubTexture name="altright0000" x="3965" y="5" width="515" height="780"/>
	<SubTexture name="altright0001" x="4485" y="5" width="515" height="780"/>
	<SubTexture name="altright0002" x="4485" y="5" width="515" height="780"/>
	<SubTexture name="altright0003" x="4485" y="5" width="515" height="780"/>
	<SubTexture name="altright0004" x="5005" y="5" width="515" height="780"/>
	<SubTexture name="altright0005" x="5525" y="5" width="515" height="780"/>
	<SubTexture name="altright0006" x="5525" y="5" width="515" height="780"/>
	<SubTexture name="altright0007" x="5525" y="5" width="515" height="780"/>
	<SubTexture name="altright0008" x="5525" y="5" width="515" height="780"/>
	<SubTexture name="altright0009" x="5525" y="5" width="515" height="780"/>
	<SubTexture name="altright0010" x="5525" y="5" width="515" height="780"/>
	<SubTexture name="altright0011" x="5525" y="5" width="515" height="780"/>
	<SubTexture name="altright0012" x="5525" y="5" width="515" height="780"/>
	<SubTexture name="altright0013" x="5525" y="5" width="515" height="780"/>
	<SubTexture name="altright0014" x="5525" y="5" width="515" height="780"/>
	<SubTexture name="altright0015" x="5525" y="5" width="515" height="780"/>
	<SubTexture name="altright0016" x="5525" y="5" width="515" height="780"/>
	<SubTexture name="altup0000" x="6045" y="5" width="391" height="854"/>
	<SubTexture name="altup0001" x="6441" y="5" width="391" height="854"/>
	<SubTexture name="altup0002" x="6441" y="5" width="391" height="854"/>
	<SubTexture name="altup0003" x="6441" y="5" width="391" height="854"/>
	<SubTexture name="altup0004" x="6837" y="5" width="391" height="854"/>
	<SubTexture name="altup0005" x="6441" y="5" width="391" height="854"/>
	<SubTexture name="altup0006" x="6441" y="5" width="391" height="854"/>
	<SubTexture name="altup0007" x="6441" y="5" width="391" height="854"/>
	<SubTexture name="altup0008" x="6441" y="5" width="391" height="854"/>
	<SubTexture name="altup0009" x="6441" y="5" width="391" height="854"/>
	<SubTexture name="altup0010" x="6441" y="5" width="391" height="854"/>
	<SubTexture name="altup0011" x="6441" y="5" width="391" height="854"/>
	<SubTexture name="altup0012" x="6441" y="5" width="391" height="854"/>
	<SubTexture name="altup0013" x="6441" y="5" width="391" height="854"/>
	<SubTexture name="altup0014" x="6441" y="5" width="391" height="854"/>
	<SubTexture name="altup0015" x="6441" y="5" width="391" height="854"/>
	<SubTexture name="altup0016" x="6441" y="5" width="391" height="854"/>
	<SubTexture name="down0000" x="7233" y="5" width="372" height="696"/>
	<SubTexture name="down0001" x="7610" y="5" width="372" height="696"/>
	<SubTexture name="down0002" x="5" y="864" width="372" height="696"/>
	<SubTexture name="down0003" x="5" y="864" width="372" height="696"/>
	<SubTexture name="down0004" x="382" y="864" width="372" height="696"/>
	<SubTexture name="down0005" x="5" y="864" width="372" height="696"/>
	<SubTexture name="down0006" x="5" y="864" width="372" height="696"/>
	<SubTexture name="down0007" x="5" y="864" width="372" height="696"/>
	<SubTexture name="down0008" x="5" y="864" width="372" height="696"/>
	<SubTexture name="down0009" x="759" y="864" width="372" height="696"/>
	<SubTexture name="down0010" x="5" y="864" width="372" height="696"/>
	<SubTexture name="down0011" x="5" y="864" width="372" height="696"/>
	<SubTexture name="down0012" x="5" y="864" width="372" height="696"/>
	<SubTexture name="down0013" x="5" y="864" width="372" height="696"/>
	<SubTexture name="down0014" x="5" y="864" width="372" height="696"/>
	<SubTexture name="down0015" x="5" y="864" width="372" height="696"/>
	<SubTexture name="down0016" x="5" y="864" width="372" height="696"/>
	<SubTexture name="down0017" x="5" y="864" width="372" height="696"/>
	<SubTexture name="idle0000" x="1136" y="864" width="342" height="806"/>
	<SubTexture name="idle0001" x="1136" y="864" width="342" height="806"/>
	<SubTexture name="idle0002" x="1483" y="864" width="342" height="806"/>
	<SubTexture name="idle0003" x="1830" y="864" width="342" height="806"/>
	<SubTexture name="idle0004" x="1830" y="864" width="342" height="806"/>
	<SubTexture name="idle0005" x="2177" y="864" width="342" height="806"/>
	<SubTexture name="idle0006" x="2524" y="864" width="342" height="806"/>
	<SubTexture name="idle0007" x="2871" y="864" width="342" height="806"/>
	<SubTexture name="idle0008" x="3218" y="864" width="342" height="806"/>
	<SubTexture name="idle0009" x="3565" y="864" width="342" height="806"/>
	<SubTexture name="idle0010" x="2871" y="864" width="342" height="806"/>
	<SubTexture name="idle0011" x="3218" y="864" width="342" height="806"/>
	<SubTexture name="idle0012" x="3218" y="864" width="342" height="806"/>
	<SubTexture name="idle0013" x="3218" y="864" width="342" height="806"/>
	<SubTexture name="idle0014" x="2871" y="864" width="342" height="806"/>
	<SubTexture name="idle0015" x="2871" y="864" width="342" height="806"/>
	<SubTexture name="idle0016" x="2871" y="864" width="342" height="806"/>
	<SubTexture name="idle0017" x="3218" y="864" width="342" height="806"/>
	<SubTexture name="left0000" x="3912" y="864" width="365" height="818"/>
	<SubTexture name="left0001" x="4282" y="864" width="365" height="818"/>
	<SubTexture name="left0002" x="4652" y="864" width="365" height="818"/>
	<SubTexture name="left0003" x="5022" y="864" width="365" height="818"/>
	<SubTexture name="left0004" x="4652" y="864" width="365" height="818"/>
	<SubTexture name="left0005" x="5392" y="864" width="365" height="818"/>
	<SubTexture name="left0006" x="4652" y="864" width="365" height="818"/>
	<SubTexture name="left0007" x="4652" y="864" width="365" height="818"/>
	<SubTexture name="left0008" x="4652" y="864" width="365" height="818"/>
	<SubTexture name="left0009" x="4652" y="864" width="365" height="818"/>
	<SubTexture name="left0010" x="4652" y="864" width="365" height="818"/>
	<SubTexture name="left0011" x="4652" y="864" width="365" height="818"/>
	<SubTexture name="left0012" x="4652" y="864" width="365" height="818"/>
	<SubTexture name="left0013" x="4652" y="864" width="365" height="818"/>
	<SubTexture name="left0014" x="4652" y="864" width="365" height="818"/>
	<SubTexture name="left0015" x="4652" y="864" width="365" height="818"/>
	<SubTexture name="left0016" x="4652" y="864" width="365" height="818"/>
	<SubTexture name="left0017" x="4652" y="864" width="365" height="818"/>
	<SubTexture name="right0000" x="5762" y="864" width="415" height="800"/>
	<SubTexture name="right0001" x="5762" y="864" width="415" height="800"/>
	<SubTexture name="right0002" x="6182" y="864" width="415" height="800"/>
	<SubTexture name="right0003" x="6182" y="864" width="415" height="800"/>
	<SubTexture name="right0004" x="6182" y="864" width="415" height="800"/>
	<SubTexture name="right0005" x="6182" y="864" width="415" height="800"/>
	<SubTexture name="right0006" x="6602" y="864" width="415" height="800"/>
	<SubTexture name="right0007" x="6182" y="864" width="415" height="800"/>
	<SubTexture name="right0008" x="6182" y="864" width="415" height="800"/>
	<SubTexture name="right0009" x="6182" y="864" width="415" height="800"/>
	<SubTexture name="right0010" x="6182" y="864" width="415" height="800"/>
	<SubTexture name="right0011" x="6182" y="864" width="415" height="800"/>
	<SubTexture name="right0012" x="6182" y="864" width="415" height="800"/>
	<SubTexture name="right0013" x="6182" y="864" width="415" height="800"/>
	<SubTexture name="right0014" x="6182" y="864" width="415" height="800"/>
	<SubTexture name="right0015" x="6182" y="864" width="415" height="800"/>
	<SubTexture name="right0016" x="6182" y="864" width="415" height="800"/>
	<SubTexture name="right0017" x="6182" y="864" width="415" height="800"/>
	<SubTexture name="right0018" x="6182" y="864" width="415" height="800"/>
	<SubTexture name="right0019" x="6182" y="864" width="415" height="800"/>
	<SubTexture name="up0000" x="7022" y="864" width="327" height="852"/>
	<SubTexture name="up0001" x="7022" y="864" width="327" height="852"/>
	<SubTexture name="up0002" x="7354" y="864" width="327" height="852"/>
	<SubTexture name="up0003" x="7354" y="864" width="327" height="852"/>
	<SubTexture name="up0004" x="7354" y="864" width="327" height="852"/>
	<SubTexture name="up0005" x="7686" y="864" width="327" height="852"/>
	<SubTexture name="up0006" x="7354" y="864" width="327" height="852"/>
	<SubTexture name="up0007" x="7354" y="864" width="327" height="852"/>
	<SubTexture name="up0008" x="7354" y="864" width="327" height="852"/>
	<SubTexture name="up0009" x="7354" y="864" width="327" height="852"/>
	<SubTexture name="up0010" x="7354" y="864" width="327" height="852"/>
	<SubTexture name="up0011" x="7354" y="864" width="327" height="852"/>
	<SubTexture name="up0012" x="7354" y="864" width="327" height="852"/>
	<SubTexture name="up0013" x="7354" y="864" width="327" height="852"/>
	<SubTexture name="up0014" x="7354" y="864" width="327" height="852"/>
	<SubTexture name="up0015" x="7354" y="864" width="327" height="852"/>
	<SubTexture name="up0016" x="7354" y="864" width="327" height="852"/>
	<SubTexture name="up0017" x="7354" y="864" width="327" height="852"/>
</TextureAtlas>
